"","X1","X2","X3","X4","X5","X6","X7","X8","X9","X10","X11","X12","X13","X14","X15","X16","X17","X18","X19","X20"
"51",5,6,0.377777777777778,0.772727272727273,1.63208915604264,0.377724844906216,0.666228170943539,2.59557813202965,4.24716049817576,2.43499430976146,3.17828539504548,3.85691497520335,0.788186834696311,2.88872755722945,2.72071010492293,2.02364702893131,2.81016403504902,2.77868407419474,0.942987390924063,1.42435781445077
"21",2,9,0.444444444444444,0.740740740740741,2.00106242785,2.45473268178053,1.33737795970843,0.725044018351666,2.54715454558253,1.69850435258043,2.93708509815373,0.0783583758510594,0.370144570076631,3.25314265273271,0,2.22632240660103,3.13705967622629,4.43834822752238,4.40227370844014,3.02903976090678
"87",9,12,0.333333333333333,0.714285714285714,1.9456512314392,3.90160772952302,3.92363819171301,0.346143876632361,3.50346761272772,4.29986651775351,4.32650584770325,4.0655948334713,0.244231398582021,2.70442569264903,2.63613588319415,0.891936480726331,3.25470913109341,3.74463699054817,4.40422458854125,3.74577962505222
"11",1,12,0.444444444444444,0.689655172413793,1.10910915124201,2.15806745527719,1.43971201846074,2.11393187897685,3.04581916822768,2.73518831365639,0.202618986572251,0.387874002160146,1.42504692070686,0.324201909710131,2.93708509815373,2.45373979186351,4.45275923003202,3.75504789713612,4.36325339853498,2.64580094234474
"1",1,2,0.377777777777778,0.68,1.76449644388176,2.73628727842354,0.215443640788626,0.541852426376124,2.88767750747142,0.0426023615974209,1.44450030212614,1.02796354934845,1.45203825973281,0.875823119293006,2.74647477831353,1.80467012269795,2.89737968738815,1.57474614515016,2.64298297528926,1.18531131053759
"63",6,9,0.355555555555556,0.666666666666667,3.1694760861113,0.856244857160942,0.499470081848888,1.59234202577476,2.60206845562066,1.22241855490814,2.73184492526342,1.15112014640881,2.96050987153175,0.484310554343705,2.25726631862973,1.41775238407176,4.05878321383956,3.30303203239235,3.12294940101813,4.47581105341869
"4",1,5,0.311111111111111,0.636363636363636,1.42350447960247,1.50263698939703,0.871474044716177,2.89401474125635,2.27040610421714,0.226214168969202,0.946815839596241,3.60158430573046,1.7062997609761,1.81192734840634,0.140030166869672,3.23833642261587,3.39940905475554,4.24026314389189,3.82908720779547,4.21350663140607
"86",9,11,0.333333333333333,0.625,1.15796335448964,3.36624977902113,0.360082356959393,1.60739020484516,2.06990048822881,4.3848035168857,3.25049860329712,4.07904637141884,2.13045950026966,2.11676251559724,2.93708509815373,1.00788702322057,1.00837739367556,2.79578932444657,2.16732588409538,0.815905436686825
"8",1,9,0.377777777777778,0.607142857142857,1.98286052262747,2.49984376530446,1.20566057116451,1.732628218674,0.685575666116867,2.7615150178388,1.58413322668349,3.37219956325106,2.33362261979009,0.696074134363843,3.26907064867676,1.92141911463047,3.33313075412859,3.76721752514743,4.32434343847828,4.11769156928731
"17",2,5,0.355555555555556,0.592592592592593,2.12821026919026,0.782515991394009,2.0246840231967,0.990598101812157,0.902284073005018,0.703848068893101,2.69719473824679,2.48689542367773,0.766077358419174,0.242691876893803,2.54096583735504,1.41059685426509,3.19844772902934,4.04640011402118,3.79521015915544,4.4242098412471
"74",7,12,0.377777777777778,0.586206896551724,0.700606390882954,2.12461525510169,0.731290466810273,2.54362440264147,26246.8055472815,102832.115893875,77162.2686548286,77230.6121131058,0.367094434517223,2.86921770545959,2.53036509166881,2.33341287333207,4.29921043672627,4.17566013371644,2.44485508726637,4.3660836111962
"54",5,9,0.333333333333333,0.576923076923077,2.12851433878299,2.31528374243446,1.41679599060849,0.484197576489843,3.61551859586493,4.31124023834351,3.52276736343843,3.96206477046809,2.40384378739091,0.0734330653691354,3.77122996281452,0.432318235886178,4.40920852387548,4.52070055302951,3.24247352389234,3.65955261604269
"5",1,6,0.444444444444444,0.571428571428571,2.18341879560624,0.645539534588507,0.579075994476082,2.08055416200787,3.20419954866317,2.87898588217296,1.23977498925634,0.405283622780537,3.38752554149045,2.55986663387676,0.39970315575983,1.27614950457666,2.77793197360127,1.15398879680264,2.76718119275645,1.26397626958822
"66",6,12,0.377777777777778,0.566666666666667,2.94814250065693,0.809419728789392,1.47102067162112,0.240912560192059,2.58394661254595,2.70499299981026,0.143047960469343,0.840626217863212,1.00608263587263,1.4711421634195,2.66390564535033,2.78310861335469,4.49365152475385,3.16986776449211,3.73142777968356,3.15228815095798
"81",8,12,0.311111111111111,0.518518518518518,0.99129270585764,3.11127856330018,1.13591145798047,3.19655794116665,1.07150594583973,2.50668969188654,2.65810857582182,2.67633561314263,0.579334473381149,2.91129024655073,2.02662472945512,0.484588389606451,3.42354882199096,3.79957933718835,3.45650870908032,4.49752622539299
"57",5,12,0.377777777777778,0.5,1.91563115318481,2.11791663278106,1.34210642443912,0.380810326205929,4.34917492509267,3.83632539011471,3.1055988589822,4.01934053725425,1.9575246450211,2.93708509815373,1.66230751986215,0.442208491818016,4.32358386664962,3.89191857744555,1.33347408627762,4.13525467651526
"89",9,14,0.355555555555556,0.484848484848485,3.22759783002143,3.13423744540647,1.76524155858164,0.377059372377467,3.81872044509811,4.31017761670314,3.32704915307238,3.49249398856952,86616.8261363928,89792.5716234249,80814.4248376285,71442.8440314278,3.81089649265639,4.37534312705196,4.43043764024533,3.24883945431688
"33",3,9,0.377777777777778,0.472222222222222,1.62767000944659,0.511864405971447,0.94432974734789,2.42087391455422,101662.895144946,99328.9496024884,64123.8663545807,77602.7614776752,2.48172451664952,3.26494044636864,0.917883416948787,0.222009670743146,4.31298369687496,4.07620406802739,4.46437264589391,1.75495778121734
"53",5,8,0.311111111111111,0.466666666666667,2.74275768218315,0.856228076630191,0.761109190874486,3.35644868667573,4.3368141389843,4.27634572162597,3.3397418353611,4.06300300514931,1.68124098653937,2.816817296018,3.71446789139379,2.81913469117394,2.49274355573022,2.64656552337086,1.42888727509409,0.683566233959286
"24",2,12,0.377777777777778,0.459459459459459,2.21353187744169,2.38741439767188,0.262592251658234,1.10322079692084,2.80890673902351,2.14896940402776,0.320586258220179,2.63925938473475,2.87744354116273,1.24645502320392,2.80884305007911,1.77241117735153,2.40309380797901,3.44934474782287,4.29332873035678,4.2578899121134
"84",8,15,0.355555555555556,0.457142857142857,2.94753565558261,0.234200308903044,2.20776080479627,0.163721072695346,2.40270558675845,1.11526508498714,1.7571174952749,2.224267992856,2.72705749831009,0.29350643384662,2.17025197664666,0.998947995588489,3.64236399968233,3.02342867427955,4.1677600686737,3.81030440677325
"78",8,9,0.333333333333333,0.454545454545455,1.85436478797172,1.3558386945399,4.03709991621233,2.62898932416614,2.69568545441441,1.11219040735151,0.926238356461103,2.61957290311544,0.152769427802637,2.70677375927502,2.69263727698839,2.98058453314942,3.19836556764451,3.61238614218863,4.07077334328496,4.15106932037295
"68",6,14,0.4,0.45,3.15437276044136,0.628744782162486,2.02623693667058,0.980745627186798,2.68923441849439,2.79766224287421,1.39505957621534,0.958978720497192,102543.617933856,66409.2364471975,41748.1184005791,99624.3034836687,4.5212881746249,4.30633667037774,3.08372924167807,0.908812838657241
"71",7,9,0.333333333333333,0.416666666666667,3.15389345427202,2.93247139000665,3.1471114817376,0.114340034963027,94658.5977137596,26161.1332104473,67443.8618696485,62117.4125535057,0.342305604396783,1.34199520354955,3.92009544150824,0.480916376913852,4.01571475485819,3.14274524246803,4.38960526757684,3.48384373922577
"85",9,10,0.622222222222222,0.411764705882353,3.31257948490838,2.23649030627928,0.327018582505601,0.223792987686838,4.33146056354417,3.11558631301274,3.99485159228253,3.55346241078095,2.75108982539156,0.813582054965013,2.88649416964309,0.892823846885614,17396.9908536845,100158.435150134,97301.187194362,73576.8107434604
"18",2,6,0.533333333333333,0.406779661016949,2.94943283938699,0.946482369772339,1.72420160920959,1.52631739204207,2.68047129243938,1.56869199100841,0.723957162365638,2.73870459064978,0.455732355848494,0.693784973889428,3.50340809809948,2.68790250206666,1.92883223309678,2.66291010678905,2.68620112583833,1.0936584364387
"61",6,7,0.422222222222222,0.404255319148936,3.35968673872705,0.424007024700763,0.67539398037977,1.64158769474215,2.54123038718468,2.82112048352786,0.918547382877543,1.04467477960244,2.5384825313423,1.10870513715638,3.88909446708887,0.554099430990189,103670.109792732,87487.4478655025,88014.7044587052,40815.8288315841
"62",6,8,0.311111111111111,0.4,0.502016152218618,4.11809853237009,0.187703924636809,1.76585713131462,1.02516527388648,2.38852183612511,1.71281147738726,2.90680779454243,3.59939293060739,0.514949020351095,2.20314649513587,0.602238961781412,2.79578932444657,2.03510325292533,0.465569295639603,0.445163107358853
"15",2,3,0.444444444444444,0.384615384615385,2.45217088651989,2.06863938445766,0.381278369178492,1.69124026591,2.65861645169165,1.08186474525506,2.67414966994842,0.728382773268491,0.682241786718796,0.62945024476103,2.31318986014632,1.35400291533291,77115.8419728907,97654.6665940829,103168.343476602,53527.3244286882
"73",7,11,0.355555555555556,0.380952380952381,2.19940073430672,3.95995832376356,1.2363087078622,0.0437756276482533,51328.0407105242,98816.6730508833,102503.354745142,56726.4614651129,2.69416929919635,2.15704658876765,2.67160156780871,0.823188613159476,2.02374482340311,2.53567577345347,1.3503196918664,0.853737015171302
"90",9,15,0.311111111111111,0.368421052631579,1.22441150599014,2.58547531891902,1.03175816845009,3.44952581651402,3.86364304146828,3.62283480456312,4.51629634677071,4.34145005630002,2.74971518332716,0.619498716953201,1.73876324246029,2.49611045111338,3.53470958323006,3.67549262681237,3.24099684639962,4.42008488270272
"88",9,13,0.333333333333333,0.357142857142857,1.26973747948709,1.91316733631644,1.48428999462225,3.34200585399222,3.60273942928077,4.30483797173201,3.28298584277639,3.83801396948506,71543.4194913786,92671.8238705957,97831.2546742892,72325.9121346277,2.49787202134082,2.29966792098649,1.32767384249506,0.305938452542438
"77",7,15,0.355555555555556,0.355555555555556,2.37723066302732,0.43759056639998,1.17809920042752,2.74390077412592,102481.019105809,77802.5318170967,31627.4042544164,82267.4319703337,2.29936690888614,2.67508062954452,1.07750485442676,1.82515471690138,4.43587746938134,4.07183520107027,3.63927569777082,3.16839196815506
"83",8,14,0.311111111111111,0.35,3.02652792700614,2.48982899001734,0.28959540656901,1.77086414583995,2.79578932444657,0.361712829033332,1.74994452621769,2.68728333688333,84294.5793337154,73837.6925614263,102397.509818986,72846.273334932,3.52027684109159,4.52564885622781,4.52564885622781,3.57215562943128
"14",1,15,0.355555555555556,0.347826086956522,0.742876701522904,0.547795526791492,2.18917043757602,2.36760880272535,1.66021675003697,2.70586429411499,0.958445340398161,2.90880496383272,2.57870396513054,1.00154898099109,1.69599541294514,1.93158190706726,4.15207986869239,3.97951635757508,4.29771289828957,2.87160808310261
"10",1,11,0.4,0.346153846153846,2.52418370149546,0.95128353606465,1.62099335479509,1.57533878727956,2.69013362179101,2.79467912216088,3.14606448184934,1.32063329624598,0.963754692677727,2.62128094170778,2.7585885362559,1.38163206231665,2.77243673653625,2.57115725150493,1.36986466685031,0.667350504116639
"44",4,9,0.422222222222222,0.345454545454545,2.0556318844088,0.160242855130296,1.01859683385597,2.25694633640926,1.10290971731082,2.39668376696414,1.08042274395722,2.6530613164114,3.63294294129877,2.46894768215723,0.0636940357298581,1.90373283313047,4.39902527975701,2.98535849788843,3.5650128934153,4.30192434307492
"2",1,3,0.377777777777778,0.34,0.93137023878261,1.49563745461179,0.797244336670521,2.82125775209904,2.17429122936573,3.0419798385441,0.63205640482553,1.45323276263245,2.00154088586016,1.88248945653108,0.648131837045033,0.465742984336374,102122.665370686,52211.3939236125,96833.5184504132,61107.6466807198
"13",1,14,0.4,0.339622641509434,2.85966194418953,1.50379621520179,0.438534999373851,1.76651409323526,0,2.79345788516934,0.615053765670663,2.90770058833101,98419.5902325092,86795.043820097,98220.6414064527,45528.3419819475,2.66137185450747,2.37908031760511,4.17649459080358,4.16658610529767
"64",6,10,0.444444444444444,0.338983050847458,3.14534432029275,0.160805734962229,1.55663119363902,3.08346664078754,2.71045349150468,2.57530027976132,0.966332468859314,2.22047331939748,0.84925543663975,1.27404110761796,2.71547336465103,2.77333423120844,104458.855315268,27325.2337781187,58953.273075687,104278.253896757
"9",1,10,0.466666666666667,0.328125,2.0747346552257,2.40787713506767,0.736917710388236,0.105532557258597,0.894785941642743,2.90802983960728,0.886849297036497,4.10765608512193,2.4877529530125,0.862775413382549,2.78842331061521,1.14364853180875,26365.5682842835,103694.292558756,98438.6766743061,83439.3604868985
"22",2,10,0.466666666666667,0.323076923076923,0.0335562130821846,2.10165059904115,1.00807227221401,2.40462038212249,2.09210961206736,2.80569593346401,0.705118349132127,1.78725937666602,2.90561613214849,1.35431900560179,2.7050747505413,0.892239225747659,92797.9153244438,104483,55345.116100153,83811.8240466721
"72",7,10,0.377777777777778,0.320754716981132,2.70055175453261,1.11356143485382,3.25980395569796,1.65855885111138,75520.7726863305,87359.9553369938,91459.8195673335,70872.3118924893,1.78640651606955,2.53012464999795,2.50323832214163,0.848349617989338,48738.8812213285,92698.3884964239,58863.9711121936,96180.0971282486
"69",6,15,0.4,0.315789473684211,1.58573019430168,0,3.10357754383416,2.76846737908828,1.12278079612414,2.73093042688859,1.66276646639421,2.63272230690345,2.23491318368056,0.666596583246835,2.53136012540503,0.486191079465844,4.52564885622781,3.36513851124758,3.39067440467976,2.81078747207445
"40",4,5,0.377777777777778,0.314814814814815,3.35998398242607,1.3451374486874,0.6493702882556,2.00094000717996,2.75708580699581,2.53350225735183,1.45723142371237,0.74390817087861,2.48211960536573,0.109041940047201,1.56613606644893,0.748695581055636,4.24774978254319,3.11563595333199,4.46222943069399,2.46210686549276
"6",1,7,0.377777777777778,0.309090909090909,1.87761515082265,1.02428970966196,2.26789654083145,0.354980700763903,2.63340709108541,3.35062053741742,0.755018169421605,0.550865713216481,2.90690244868835,2.99285381148588,0.253053338781632,0.988015721016754,100537.383577991,34380.3181741714,100944.238305069,38468.7727462184
"76",7,14,0.4,0.305084745762712,3.28825978751514,0.80864466562865,1.03875709889874,1.8900996891361,92457.959741043,50554.243298102,98098.1156633175,52998.7953476761,67352.7992224292,48543.343340631,93921.2942923437,96088.3996769,3.2446231265917,4.44169397141052,3.88131401584254,4.16855505605365
"65",6,11,0.377777777777778,0.303571428571429,3.55625808299626,2.44181744228743,0.0183863045664482,0,2.72925797893694,0.713491619487617,2.31261697988983,2.80542775899273,0.941388397033834,2.58114498601529,2.72177884088125,1.05697729927287,1.3767679815892,2.79578932444657,1.41210512800159,0.978422888995518
"26",2,14,0.511111111111111,0.302631578947368,2.46630186952827,0.347262104527591,0.891221912693101,1.86729266130081,2.80415266201397,2.74710751350955,1.31047591934886,0.721586752319223,52602.1842106083,98429.1815418833,102362.09704641,93518.1476053523,4.37203811166668,3.23452635683848,4.37268291025338,2.0334750600114
"7",1,8,0.333333333333333,0.3,1.21948269595119,2.17513022575263,2.05564787914589,1.34800779468361,3.16823802241926,1.22858789242462,3.88117487601417,2.07453745914321,2.29554998045815,0,1.56288464651245,3.78934118815126,2.65443486610126,2.60098921063394,1.23412543091234,0.730310328116558
"59",5,14,0.4,0.26865671641791,1.80439073176732,0.627302451499888,0.0200570432422925,1.8740862835622,1.54826979602039,3.89232405532352,1.28438428979395,4.31378048925782,66001.2363491654,93319.2142656875,99495.3773094917,32197.1270792894,3.09502348259923,4.31532567369044,3.37102646958029,4.0599193637891
"38",3,14,0.4,0.233766233766234,1.77699855249061,0.483153578320018,0.734769370787672,1.84801716027294,43215.8747308633,103503.048380116,63431.1586121244,101488.950877004,98690.2408523309,96499.4456833367,49843.8897361265,7528.44967807609,3.3532518830383,4.15469661925799,3.07494356466865,4.07534172005848
"75",7,13,0.377777777777778,0.226666666666667,0.0881870924631763,0.667152026640853,1.86595439978962,3.81933588958772,86973.0827909823,103109.838917787,67340.712819714,97388.6843612164,102599.255167248,55733.7544372874,81058.6500313758,40960.8012941709,2.32933935411689,0.199985280066017,0.815470692603452,2.16644072834404
"60",5,15,0.444444444444444,0.222222222222222,2.46837406019643,0.988930269451906,1.38076347203856,2.35626869278222,3.75813579745077,2.78876790703395,4.09794353334548,4.29955871835493,1.91658458777647,0.940486400458813,2.43800230329132,2.34502728119694,1.23886163446854,4.5077279449745,4.23428275546276,2.92375677250729
"3",1,4,0.4,0.209302325581395,0.316615020182829,1.40123572868925,2.99148674168127,2.49768253009081,0.12354250626337,3.16897089272403,2.70571342332121,0.817260376282499,1.39114412319421,2.24283358005748,0.605606736966615,2.35570694452206,0.580534348677798,2.0415630151861,2.29367413754891,2.76947423903311
"70",7,8,0.377777777777778,0.204819277108434,3.50400503341288,2.17792237021671,0.511064186660486,2.77087449283423,90958.4321672045,71447.4111264085,76845.667622304,101053.665062634,2.03266877931242,3.68855470881861,3.9535096473699,0.571502478582038,2.44273270373184,2.37244014926739,0.474388873296054,1.3876456627822
"29",3,5,0.4,0.204545454545455,3.38215601098927,0.38737310469102,1.42877726215327,2.45374427651319,82547.0473266156,73234.2596876658,104125.322127221,64184.8471575377,1.12045503372385,1.92045209221085,1.85671333145286,0.892139858855303,4.17654428697961,2.82167755653489,4.34747410296371,3.30643787630092
"47",4,12,0.466666666666667,0.201923076923077,2.55704467066926,1.83595686882844,0.837958147687542,1.57158995018394,2.30221910528818,2.62891465275792,2.12606510439721,0.890522772499995,0.59257086744471,0.367920798923285,2.84958370045464,2.84383933573939,4.34446584498285,3.78768786927657,4.14482328731175,1.61784579060529
"79",8,10,0.488888888888889,0.184873949579832,2.81347327714468,2.97058814091361,0.806349601107512,0.7073386537313,0.95358959838412,2.54854653191967,2.65817477318443,1.14137620864967,1.52951616946028,2.56952951438272,2.70400164339155,1.01491303012958,102907.300554177,11371.4276961278,97328.4378969448,77209.7630540562
"50",4,15,0.466666666666667,0.177966101694915,2.48137213712948,0.880663613604242,1.12439506859321,2.23139411845598,2.43974571739037,0.859915133397716,2.40328875048721,1.26455902891454,0.455263253255156,2.6765504168867,2.53796987121569,1.83866231912069,4.23045630065131,4.24570910907531,3.56178542762391,3.15422373458216
"27",2,15,0.488888888888889,0.169230769230769,0.911660368425153,2.15764920464996,3.35555245351652,1.33721301429423,0.867570918174797,0.236003079231686,2.93708509815373,2.62892053631373,1.37999506811593,1.19562643187988,0.516772139243472,2.66084860282238,2.33413222598117,4.477344106988,2.20077116243302,4.2215715126585
"37",3,13,0.355555555555556,0.168421052631579,1.17645396532373,2.02126065642977,1.90003218737324,0.348120879392071,34735.4389069443,102383.78246988,63373.4073426736,91021.5655153753,41190.4515797122,101984.214205435,95305.9359446482,58772.6034368469,1.98200080371264,0.945691713404619,2.73941209806538,1.03334193825423
"58",5,13,0.4,0.155172413793103,1.8824658023462,0.700147990400885,0.945367421259655,2.19688552989994,4.40960181202099,3.42434285014476,0.70874281275404,3.60417970735547,101640.973504644,50313.8089796469,101754.762329084,84345.5950665888,2.73562946879224,2.21435061127553,0.850628947865798,0.744580322679752
"92",10,12,0.311111111111111,0.127272727272727,1.82314423923562,1.09890609659774,2.77714244618394,1.19216523536669,96436.7936642365,103207.302686189,83756.3165644568,75380.4581959239,1.06626850806569,2.38617880453629,2.07119850460966,0.231879914524283,3.39053433361505,4.15837043003815,3.32885619207944,3.95011557855615
"101",12,14,0.333333333333333,0.125,2.64220495212844,2.14405139203632,1.62940532946791,2.64446756026919,1.35117457837605,3.98988483329316,4.15119276771051,3.82445754598813,45484.4275447348,61575.0224133704,36392.1780692938,102771.46156632,1.81276412940874,3.96264298190804,3.7217799078655,4.22100435037269
"99",11,15,0.488888888888889,0.118279569892473,2.82178859114387,0.905099381581653,2.74598090216171,2.80649112909114,2.59680874822049,2.30809566419794,0.79893676592595,1.62031378620953,2.04051869282573,1.09710935281501,1.16616015065968,2.42176862124953,4.4379328075943,3.41055898113988,2.23464264059495,3.81384196372735
"102",12,15,0.377777777777778,0.115646258503401,2.61304419678297,0.918057176562542,0.771864229871228,2.70028372959095,2.49261953362988,3.68101416746412,4.20146828507082,3.88363194193822,2.43432601723362,2.17623350176516,1.79565888996547,1.33527262399734,3.86813286705263,3.93541552658019,2.96277195798473,3.36956078222774
"93",10,13,0.311111111111111,0.114754098360656,2.93708509815373,2.21261648143458,1.22467315535599,2.47432490380125,71629.0215184901,83431.1007216621,76021.824179696,80591.4502860301,97119.8476204253,73790.6255572869,99003.9816268983,73087.7202494115,2.65295425263493,2.43082875135627,1.85348468475879,0.160773558632683
"94",10,14,0.355555555555556,0.111888111888112,2.62856371725079,1.59961041509993,1.70370999205543,2.50325498135958,72231.0667939282,55824.7450742416,79291.5649485209,94113.2442334823,50549.323183029,93962.8876678099,82904.8727336904,67096.7465581515,2.99099052679642,3.49855943112248,4.00222094565569,4.13587120317306
"96",11,12,0.377777777777778,0.109677419354839,2.93708509815373,2.60998052972535,2.45806459569813,1.22861655107666,1.52504874475622,1.10672557286733,2.68688881887876,1.66883792922935,1.37385534001097,2.14043627560777,2.93708509815373,0.0882610587640002,4.24162943493802,0.794658161830901,4.30926684606968,3.76672160275375
"43",4,8,0.488888888888889,0.104265402843602,2.9458893240909,0.69185306058127,0.652990769071187,1.49581786944752,2.29569157644281,0.935582011500472,2.54881301258504,1.36034765856812,0.112966737940397,3.54501537614861,2.87322697408942,0.358648836436223,2.44721370354467,2.4389986607031,1.21528022411636,1.88120295165872
"103",13,14,0.333333333333333,0.0572519083969466,98469.187136884,51251.031590779,101708.193329634,89095.9080219368,0.458451358125014,1.42182610908432,0.45865235394618,2.3950589858701,80291.4573679155,98816.0289072659,65754.9590964459,101241.835106669,2.43896011401003,4.20816348389218,3.93131296500941,0.853293997083721
"31",3,7,0.822222222222222,0.0225197808886184,3.24173842179797,0.469619018549906,1.14592648403069,2.8824985506724,102953.925191502,101023.967337934,38652.8761623632,28928.9426788282,0.578041252930097,0.15946697189225,3.64385811612008,3.99641976851095,44489.948817271,103183.469429706,30948.0525555499,102015.47116241
"52",5,7,0.8,0.0219244823386114,3.12877696985921,0.340998476103223,1.19395409695274,3.12075882052694,3.82147019726077,4.14157092363895,0.0695607115719466,4.50801083610057,3.83290778714923,0.0867042708273327,4.0056477401291,0.0376048015721899,30484.9652430188,102117.737492677,102424.015491405,63820.1983319262
"34",3,10,0.777777777777778,0.0213284582571603,3.16757830518314,1.82847715648687,0.423838124555823,2.96370206459643,104215.483594633,23613.7727421845,104483,65940.4424086953,0.406817278196267,2.86179741021386,2.92497971578668,0.643086392318468,21266.7319282443,103562.956668899,38237.3411235365,103494.046486248
"55",5,10,0.755555555555556,0.0207317073170732,3.33938932649613,0.726105491612629,1.09359767274859,2.97799258765677,4.52564885622781,2.99676679058255,4.49704923003724,2.26136123823736,2.61908199461729,0,2.22512798279658,2.92001038767533,18593.6928157298,104066.776393562,14340.0499519241,102355.151797337
"36",3,12,0.755555555555556,0.0207317073170732,3.14194307241654,0.773451561405964,1.49391472651276,3.25475292148352,73786.7590341038,67642.1964960867,103134.233382805,104094.380787115,0.641365844654539,2.93708509815373,2.2486867517507,0.625097219135797,4.44317948896957,4.52564885622781,1.88814184291176,1.74647441519543
"30",3,6,0.755555555555556,0.0207317073170732,3.27080110684447,0.156552796483716,1.19055054801724,3.02370523211227,103360.428852801,101674.005967636,49080.7527734322,68393.8864496857,0.103510773677487,0.480615533750097,3.31086821015736,4.05983302414073,0.606312290841889,2.91793456737107,0.658297551990637,2.8504780502237
"19",2,7,0.755555555555556,0.0207317073170732,3.18138607115807,1.22629514833227,0.149380884740157,3.1576042005638,2.88989267552624,2.81673261346517,0.754482135217007,0.853241461779693,0,0.165411510990884,3.43442262392197,3.95044327122612,104483,24641.9114186659,48438.427327177,104411.875047431
"105",14,15,0.733333333333333,0.0201342281879195,97576.2071645778,21365.4859808567,22374.8410046875,100225.704939783,0,3.44542808979799,4.39057745890842,4.52564885622781,1.36417579575909,1.09986808190249,2.78793935524746,2.79578932444657,1.85679232168155,4.36188164474858,4.48125435826812,1.12050408353707
"104",13,15,0.733333333333333,0.0201342281879195,104483,40988.5162580461,47935.4933590475,104483,2.602563650697,2.11207338237825,2.79578932444657,0.174872390480804,2.70359158213016,0.869104745959156,2.14196860277933,2.75796858124142,0.815540550344841,4.49857148607204,0.597589244902772,4.52564885622781
"82",8,13,0.711111111111111,0.0195360195360195,3.89198397770249,0.0567754374009691,0.312853030080866,3.69683524851391,2.68227396426868,1.84942224144372,2.64436482742723,0.715422717355362,80182.7008818734,100978.172453544,101511.711988299,52363.562146962,0.472889723080601,2.76396062261764,1.11613708375675,2.51072905562117
"97",11,13,0.666666666666667,0.0183374083129584,2.890588796497,1.1508909006026,0.561544785259663,2.7659558062173,2.60084344108857,0.844396660554029,2.69157430879791,0.607690554156171,15379.5182684796,43194.0410968225,97734.2838390867,103888.484620523,0.419284834854901,2.43591033981794,0.0617985675390265,2.64302679488476
"91",10,11,0.666666666666667,0.0183374083129584,2.87412966618093,0.0585710644078762,0.509437857390389,2.93509143006289,101643.709074533,102556.854762952,40809.176929692,28530.2058549341,0.272529779986108,0.932978096532298,2.58524382584538,2.89009182793593,1.39038185449761,2.65616557973587,0.329339373955253,2.46401963724885
"80",8,11,0.666666666666667,0.0183374083129584,3.69359021246282,1.58653059744757,3.98451610021706,0.0941078355132148,2.58076032765963,2.7788274515808,0.232536262848227,2.1624520145114,1.45193643253557,0.365537117510784,2.69966965657643,2.93708509815373,0.332198215779804,2.75607702433075,0,2.49304225647915
"48",4,13,0.666666666666667,0.0183374083129584,3.23159769244313,1.54123727506171,0.808038920407456,3.16420130735027,2.67608659829137,2.6402392849565,1.58129849024292,0.214675702231104,54627.3983334042,102168.100454229,98834.482874158,27044.3249112018,0.7323295913699,2.65613767944713,0.842539604326934,2.72377541783521
"100",12,13,0.644444444444444,0.017737003058104,2.93708509815373,2.26391289328481,0.891307389705123,0.905723196711129,4.50421457972648,1.53429890016094,4.48460352916311,2.95804442916934,100185.833971899,49242.0071020285,103166.425615483,26234.4675763385,0.191513332862164,2.65099279100698,2.70576343157841,2.24570678545028
"98",11,14,0.644444444444444,0.017737003058104,2.90296678341425,0.812015174662933,0.806175868193509,2.52937715068399,2.4402237372693,2.62500475681771,0.968413196153196,1.09458807137417,95075.6837183795,100527.388842011,86751.0675552487,20979.6948867395,2.15222251163404,4.35003144940965,1.79108471762018,3.96717404999793
"95",10,15,0.644444444444444,0.017737003058104,0.284731007514305,2.93708509815373,0.114376843611963,2.86618103021821,98400.1924127343,104483,40446.4883660339,69580.4756008148,1.00109716304539,0.884029156087462,2.15768469912005,2.79578932444657,0.665484165494964,4.52564885622781,1.04085606651429,4.47728736184286
"49",4,14,0.644444444444444,0.017737003058104,3.37484539332729,0.600159843854345,1.48791779979284,3.38822956303478,2.7189514574465,1.0104138688864,2.79578932444657,1.22232208058766,99981.0977066726,46507.4357958162,74716.5804099279,104483,0.705964529626215,4.43376699419696,1.50357692825412,4.52564885622781
"39",3,15,0.644444444444444,0.017737003058104,3.01234994307973,0.658360021250515,0.675646673148988,3.11463332190468,67548.8148595147,60770.8881206133,101348.883384641,101558.713736931,0.391600669687547,2.73490765636926,2.58580338241646,1.12710947012589,4.23223442504733,4.52564885622781,2.40962385029833,1.29470915750525
"32",3,8,0.644444444444444,0.017737003058104,0.218038484009636,3.37257730976881,1.63659620386071,2.90662034345861,100809.324289751,100461.433202307,62604.21322016,66124.459086637,4.16707256742934,0.228079701589785,0,4.16707256742934,0.330692772078847,2.70894865083198,0.372967632056929,2.79578932444657
"28",3,4,0.644444444444444,0.017737003058104,0.797429022798973,3.38822956303478,1.6122612127968,1.45960404125597,82536.7829777077,93863.2194211661,2377.16215986312,104483,0.167475896318168,3.38822956303478,2.02989825844518,2.17807867974111,1.69880378435717,2.79578932444657,2.79578932444657,0.1631467925305
"67",6,13,0.622222222222222,0.0171358629130967,3.21124887444708,0,0,4.09795117159179,2.93466240130891,0.314743961506644,2.75244742199585,0,45411.3711987974,104483,94350.434990176,46920.4517555924,2.79578932444657,2.0121602432954,2.70497645291498,0.224605373787593
"42",4,7,0.622222222222222,0.0171358629130967,3.13406530418755,1.23862612765904,3.38822956303478,0.330270287098999,2.77156910227617,2.77550310465389,0.227036796872912,1.44114121736653,0.084809908104573,2.05946947211285,4.16707256742934,4.16707256742934,63191.9203799184,103203.676536812,99316.8907186184,27798.8297096771
"12",1,13,0.622222222222222,0.0171358629130967,3.1578693203507,1.90701498858124,0.128546765870448,2.63047672591224,4.16707256742934,4.12578435145124,1.19997456507413,0.232512852375903,48033.9951919915,103291.435366499,96889.9208429482,55169.3662778612,2.63664971891217,2.73048427639135,0.399761657761613,0.858068793313575
"46",4,11,0.6,0.0165339865278628,0.164723022026123,3.07875121696648,3.29081241355733,1.02566390369912,2.79578932444657,2.50076291754353,0.887337083460359,0.647590439352083,2.77850793189323,0.65334012934899,2.93708509815373,0.37251321916901,0,2.62422591827603,2.77430278780549,1.44920751865255
"23",2,11,0.6,0.0165339865278628,3.11060955288533,0.629240186872766,1.10385710034945,3.10825762042528,1.20530505396546,0.0772775620518869,2.93708509815373,2.88969089362503,2.93708509815373,1.51840727722387,2.86095695741394,0.654869971534765,0.314685175385013,0.61811642692918,2.75313505781276,2.60767433201283
"16",2,4,0.6,0.0165339865278628,0.0666618320323582,3.05769628769688,1.46251715303971,3.38822956303478,0.490235435897678,2.88565271934317,2.72250299293042,1.1837783285175,3.2828473538479,3.38822956303478,0.999137515386408,0.43854953119159,0,2.66898794017408,2.52407686880591,1.15515014066245
"56",5,11,0.577777777777778,0.0159313725490196,3.38822956303478,0.753593075030705,1.5962166700391,3.24193230079694,4.25774601681814,3.33267547811753,4.46788647214899,2.07033919665868,2.93708509815373,0.417469893066474,1.46897120838362,2.93708509815373,0.439779974863055,2.78375736068621,0.74140676258862,2.44642433087943
"45",4,10,0.577777777777778,0.0159313725490196,3.38822956303478,0.321883157326508,0.242012355424538,3.33613046760832,2.48431866095054,2.16440870208682,2.75124097879247,0,2.69947118831084,0,1.99678447186302,2.89900216064919,15633.1196251976,103743.273894626,15492.5228385976,99067.6093563565
"41",4,6,0.577777777777778,0.0159313725490196,3.32782798870061,0.260367842454515,3.38822956303478,0.260703564748508,2.79578932444657,0.679867454214404,0,2.79578932444657,0.181617030753065,0.212705624181337,4.16707256742934,3.96759278835812,2.71672420571785,0.541499570709983,0,2.93708509815373
"35",3,11,0.577777777777778,0.0159313725490196,2.61438099483675,0.641454737724713,1.06173220120245,3.1041217744177,31988.8058168982,101636.280319161,38684.8810436553,99648.6430123632,2.86369620567329,1.53849621746722,2.90654745611706,0.708729735841821,2.57845917167314,0.115282449747731,1.74082711380131,2.66893924960295
"25",2,13,0.577777777777778,0.0159313725490196,3.38822956303478,2.80323494224592,1.29444478406921,0.919538751474487,2.93708509815373,0.236445267905794,0.571997050406469,2.56872945260977,21906.7342032037,34898.209777845,99198.5253889813,98490.9023333094,1.23332410286495,2.585156431044,1.12572854155607,2.77330551152359
"20",2,8,0.577777777777778,0.0159313725490196,3.38822956303478,0.580863758595618,0,2.33568262705325,2.93708509815373,2.5912082663261,1.16893607984339,0.104529130835247,1.16187702115922,4.11545223615924,3.56256585178794,0.102605490535999,2.79578932444657,2.46641537696662,0.127296221826253,2.0017123280463
